name,time,mean_score,cv_scores,notebook_path,submission_path,submission_score
Game baseline,2019-10-30 01:43:03.755180+04:00,0.5157051296362365,"[0.5472283470243167, 0.4797202169826231, 0.47854404188486, 0.5041272227182371, 0.5055032393246791, 0.5232401248520073, 0.5510630168932551, 0.5215215852330887, 0.5147618813899562, 0.531341620059342]",notebooks/Game baseline.ipynb,notebooks/submissions/Game baseline submission.ipynb,0.445
