{"feature_fraction": 0.48, "lambda_l1": 0.8494107306214401, "lambda_l2": 0.8095169756037226, "learning_rate": 0.018, "max_depth": 16, "metric": "rmse", "n_estimators": 10000, "num_leaves": 31, "objective": "rmse", "random_state": 2019, "subsample": 0.96}