{"feature_fraction": 0.68, "lambda_l1": 0.31143623559688516, "lambda_l2": 0.7302571784586318, "learning_rate": 0.009, "max_depth": 16, "metric": "rmse", "n_estimators": 10000, "num_leaves": 31, "objective": "rmse", "random_state": 2019, "subsample": 0.54}