{"feature_fraction": 0.44, "lambda_l1": 0.2342366019673217, "lambda_l2": 0.20913848894987938, "learning_rate": 0.04, "max_depth": 9, "metric": "rmse", "n_estimators": 10000, "num_leaves": 31, "objective": "rmse", "random_state": 2019, "subsample": 0.86}