{"feature_fraction": 0.9500000000000001, "lambda_l1": 0.008766822936057211, "lambda_l2": 0.3679733442683433, "learning_rate": 0.037, "max_depth": 13, "metric": "rmse", "n_estimators": 10000, "num_leaves": 63, "objective": "rmse", "random_state": 2019, "subsample": 0.31}