{"feature_fraction": 0.52, "lambda_l1": 0.35160015279139745, "lambda_l2": 0.5766835310965762, "learning_rate": 0.012, "max_depth": 15, "metric": "rmse", "n_estimators": 10000, "num_leaves": 31, "objective": "rmse", "random_state": 2019, "subsample": 0.32}