{"feature_fraction": 0.51, "lambda_l1": 0.794988938285903, "lambda_l2": 0.40996783372747453, "learning_rate": 0.009, "max_depth": 10, "metric": "rmse", "n_estimators": 10000, "num_leaves": 31, "objective": "rmse", "random_state": 2019, "subsample": 0.36}