{"feature_fraction": 0.17, "lambda_l1": 0.9998353972608136, "lambda_l2": 0.038311881910136805, "learning_rate": 0.012, "max_depth": 9, "metric": "rmse", "n_estimators": 10000, "num_leaves": 15, "objective": "rmse", "random_state": 2019, "subsample": 0.98}